Matrix Size,Number of Processors,Total Time (s)
100,1,0.003183
100,4,0.000712
500,1,0.346667
500,4,0.130989
1000,1,5.626958
1000,4,1.028714
2000,1,54.699814
2000,4,16.398171
