Matrix Size,Number of Processors,Total Time (s)
100,1,0.003192
100,4,0.000711
1000,1,5.489373
1000,4,1.027549
