Matrix Size,Number of Processors,Total Time (s)
4,1,3.7e-05
4,4,5.2e-05
8,1,3.4e-05
8,4,4.3e-05
12,1,3.9e-05
12,4,4.5e-05
16,1,4.2e-05
16,4,5.3e-05
20,1,5.4e-05
20,4,6.9e-05
24,1,7.4e-05
24,4,7.8e-05
28,1,9.3e-05
28,4,6.8e-05
32,1,0.000133
32,4,0.000125
36,1,0.000169
36,4,0.000125
40,1,0.000217
40,4,0.000145
80,1,0.00175
80,4,0.000526
100,1,0.003366
100,4,0.000935
500,1,0.353588
500,4,0.092044
1000,1,6.162089
1000,4,0.701877
2000,1,54.786404
2000,4,11.28892
