Matrix Size,Number of Processors,Total Time (s)
100,1,0.003192
100,4,0.001161
500,1,0.349127
500,4,0.129877
1000,1,5.483154
1000,4,1.027441
2000,1,54.785992
2000,4,16.546747
